accession	strain
MN245446	EVD68_SWE_103_181004_NFLG
MN245444	EVD68_SWE_101_180924_NFLG
MN245434	EVD68_NLD_001_180908_NFLG
MN245435	EVD68_NLD_002_180912_NFLG
MN245436	EVD68_NLD_003_180920_NFLG
MN245437	EVD68_NLD_004_180924_NFLG
MN245438	EVD68_NLD_005_180927_NFLG
MN245439	EVD68_NLD_006_181005_NFLG
MN245440	EVD68_NLD_007_181008_NFLG
MN245441	EVD68_NLD_008_181001_NFLG
MN245442	EVD68_NLD_009_181003_NFLG
MN245443	EVD68_NLD_010_181023_NFLG
MN245396	EVD68_BEL_001_181008_NFLG
MN245397	EVD68_BEL_002_180927_NFLG
MN245398	EVD68_BEL_003_181021_NFLG
MN245399	EVD68_BEL_004_180928_NFLG
MN245400	EVD68_BEL_005_181019_NFLG
MN245401	EVD68_BEL_006_181010_NFLG
MN245402	EVD68_BEL_007_181009_NFLG
MN245403	EVD68_BEL_008_181011_NFLG
MN245404	EVD68_BEL_009_181003_NFLG
MN245405	EVD68_BEL_010_181002_NFLG
MN245447	EVD68_SWE_104_181022_NFLG
MN245407	EVD68_CHE_002_180901_NFLG
MN245406	EVD68_CHE_001_180829_NFLG
MN245409	EVD68_CHE_004_180905_NFLG
MN245411	EVD68_CHE_006_181003_NFLG
MN245410	EVD68_CHE_005_180926_NFLG
MN245408	EVD68_CHE_003_180920_NFLG
MN245412	EVD68_ESP_001_180903_NFLG
MN245413	EVD68_ESP_002_180918_NFLG
MN245414	EVD68_ESP_003_180919_NFLG
MN245415	EVD68_ESP_004_180919_NFLG
MN245416	EVD68_ESP_005_180922_NFLG
MN245417	EVD68_ESP_006_180924_NFLG
MN245418	EVD68_ESP_007_180925_NFLG
MN245419	EVD68_ESP_008_180926_NFLG
MN245420	EVD68_ESP_009_180926_NFLG
MN245421	EVD68_ESP_010_181001_NFLG
MN245422	EVD68_ESP_011_181015_NFLG
MN245423	EVD68_ESP_012_181018_NFLG
MN245424	EVD68_ESP_013_181022_NFLG
MN245425	EVD68_ESP_014_181102_NFLG
MN245448	EVD68_SWE_106_181102_NFLG
MN245426	EVD68_ESP_015_180831_NFLG
MN245427	EVD68_ESP_016_180911_NFLG
MN245428	EVD68_ESP_017_181020_NFLG
MN245429	EVD68_ESP_018_181015_NFLG
MN245430	EVD68_ESP_019_181105_NFLG
MN245431	EVD68_ESP_020_181105_NFLG
MN245432	EVD68_ESP_021_181112_NFLG
MN245433	EVD68_ESP_023_181128_NFLG
MK105976	14ISO0043
MK105977	14ISO18022
MK105978	14ISO0020050
MK105979	14ISO0120062
MK105980	16V0908R2
MK105981	16V1106R2
MK105982	2123800027
MK105983	VRES189236
MK105984	VRES189536
MK105985	VRES189539
MK105986	VRES189550
MK105987	VRES189560
MK105988	VRES189627
MK105989	VRES189781
MH733832	MCVR1535
MK659588	ENTSP_RS1_00001
MK659589	ENTSP_RS1_00002
MK659590	ENTSP_RS1_00003
MK659591	ENTSP_RS1_00006
MK659592	ENTSP_RS1_00007
MK659593	ENTSP_RS1_00009
MK659594	ENTSP_RS1_00014
MK659595	ENTSP_RS1_00017
MK659596	ENTSP_RS1_00018
MK659597	ENTSP_RS1_00019
MK659598	ENTSP_RS1_00020
MK659599	ENTSP_RS1_00023
MK659600	ENTSP_RS1_00026
MK659601	ENTSP_RS1_00027
MK659602	ENTSP_RS1_00031
MK659603	ENTSP_RS1_00035
MK659604	ENTSP_RS1_00042
MH041323	2016-R5733
MH041324	2016-R5734
MH341711	2016-R3936
MH341712	2016-R4010
MH341726	2016-R4150
MH341713	2016-R4428
MH341714	2016-R4483
MH341727	2016-R4523
MH341728	2016-R4559
MH341729	2016-R4607
MH341716	2016-R4839
MH341717	2016-R4852
MH341718	2016-R4855
MH341719	2016-R4863
MH341720	2016-R4934
MH341730	2016-R5080
MH341731	2016-R5147
MH341721	2016-R5271
MH341724	2016-R5928
MH341732	2016-R6058
MH341725	2016-R6091
MH341733	2016-R6143
MH341734	2017-R1150
MH341715	2016-R4609
MK989723	20692_25_EV-D68
MK989724	20692_43_EV-D68
MK989725	20692_52_EV-D68
MK989726	20692_88_EV-D68
MN935870	EVD68_SWE_204_190920_NFLG
MN726800	NL_05_2019
MN726801	NL_06_2019
MN726798	NL_07_2019
OP321139	JH-EV01/2022
OP321140	JH-EV02/2022
OP321141	JH-EV03/2022
OP321142	JH-EV04/2022
OP321143	JH-EV05/2022
OP321144	JH-EV06/2022
OP321145	JH-EV07/2022
OP321146	JH-EV08/2022-samp1
OP321147	JH-EV09/2022
OP321148	JH-EV10/2022
OP321149	JH-EV11/2022
OP321150	JH-EV12/2022
OP321151	JH-EV13/2022
OP321152	JH-EV14/2022
OP321153	JH-EV15/2022
OP321154	JH-EV08/2022-samp2
OP267493	FR01-21-01
OP267494	FR01-21-02
OP267496	FR01-21-03
OP267495	FR01-21-04
OP267497	FR01-21-05
OP267498	FR01-21-07
OP267499	FR01-21-08
OP267500	FR01-21-10
OP267501	FR01-21-11
OP267502	FR01-21-12
OP267503	FR01-21-13
OP267504	FR01-21-14
OP267506	FR01-21-15
OP267508	FR01-21-16
OP267509	FR01-21-17
OP267510	FR01-21-18
OP267513	FR01-21-20
OP267511	FR01-21-22
OP267514	FR01-21-23
OP267515	FR01-21-24
OP267516	FR01-21-28
OP267517	FR01-21-29
OP267519	FR01-21-32
OP267521	FR01-21-35
OP267522	FR01-21-36
OP267523	FR01-21-37
OP267505	FR01-21-38
OP267507	FR01-21-39
OP267512	FR01-21-41
OP267518	FR01-21-42
OP267520	FR01-21-43
OQ126958	NL01-21-01
OQ126959	NL01-21-02
OQ126960	NL01-21-04
OQ139570	NL02-21-03
OQ139571	NL02-21-05
OQ139572	NL02-21-07
OQ139573	NL02-21-09
OQ139574	NL02-21-11
OQ126961	NL04-21-01
OQ126962	NL04-21-02
OQ126963	NL04-21-03
OQ126964	NL04-21-07
OQ126965	NL04-21-08
OQ126966	NL04-21-10
OQ126967	NL04-21-11
OQ126968	NL04-21-23
OQ126969	NL06-21-01
OQ126970	NL06-21-02
OQ126971	NL06-21-03
OQ126972	NL06-21-04
OQ126973	NL10-21-01
OQ126974	NL10-21-02
OQ126975	NL10-21-04
OQ126976	NL10-21-05
OQ126977	NL10-21-06
OQ126978	NL10-21-07
OQ126979	NL10-21-09
OQ126980	NL10-21-10
OQ126981	NL10-21-12
OQ126982	NL10-21-14
OQ126983	NL10-21-15
OQ126984	NL10-21-17
OQ126985	NL10-21-18
OQ126986	NL10-21-21
OQ126987	NL10-21-22
OQ126988	NL10-21-23
OQ126989	NL10-21-24
OQ126990	NL10-21-25
OQ126991	NL10-21-26
OQ126992	NL10-21-28
OQ126993	NL10-21-29
OQ126994	NL10-21-34
OQ126995	NL10-21-35
OQ126996	NL10-21-36
OQ126997	NL11-21-01
OQ126998	NL12-21-01
OQ126999	NL12-21-03
OQ127000	NL12-21-05
OQ127001	NL12-21-06
OQ127002	NL12-21-07
OQ127003	NL12-21-08
KT280503	2011-21186
KT285320	2011-21282
KT306743	2011-21286
KT285319	2012-12225
KT280504	2013-0720-6
KT280502	2013-0825-6
KT280501	2013-1017-26
KT280500	2014-R0672
KT280498	2014-R1011
KT280497	2014-R1153
KT280496	2014-R1357
KT280499	2014-R970
KF726085	BCH895A
KP240936	Beijing-R0132
KU242683	BJ24
KM892501	CA/AFP/11-1767
KM892499	CA/AFP/v12T00346
KM892500	CA/RESP/10-786
KT803589	CHN/CQ2860/2012
KT803588	CHN/CQ5508/2013
KT803590	CHN/CQ5571/2013
KT803591	CHN/CQ7170/2014
KT803598	CHN/CQ7174/2014
KT803592	CHN/CQ7188/2014
KT803593	CHN/CQ7208/2014
KT803594	CHN/CQ7214/2014
KT803599	CHN/CQ7225/2014
KT803596	CHN/CQ7226/2014
KT803597	CHN/CQ7233/2014
KT803595	CHN/CQ7280/2014
KT803600	CHN/CQ7360/2014
KT266905	EV-D68/Haiti/1/2014
KM881710	EV-D68_STL_2014_12
KT835407	EV68/Ontario/C818710/2014
KT835408	EV68/Ontario/C818712/2014
KP114662	EV68_Alberta17390_2014
KP114665	EV68_Alberta17789_2014
KP114664	EV68_Alberta2985_2014
KP114663	EV68_Alberta4693_2014
KT347234	EVD68/Homosapiens/USA/MO1/2014
KT347257	EVD68/Homosapiens/USA/MO10/2014
KT347260	EVD68/Homosapiens/USA/MO11/2014
KT347258	EVD68/Homosapiens/USA/MO12/2014
KT347248	EVD68/Homosapiens/USA/MO13/2014
KT347243	EVD68/Homosapiens/USA/MO14/2014
KT347228	EVD68/Homosapiens/USA/MO15/2014
KT347249	EVD68/Homosapiens/USA/MO16/2014
KT347270	EVD68/Homosapiens/USA/MO17/2014
KT347241	EVD68/Homosapiens/USA/MO18/2014
KT347233	EVD68/Homosapiens/USA/MO19/2014
KT347277	EVD68/Homosapiens/USA/MO2/2014
KT347256	EVD68/Homosapiens/USA/MO20/2014
KT347276	EVD68/Homosapiens/USA/MO21/2014
KT347264	EVD68/Homosapiens/USA/MO22/2014
KT347255	EVD68/Homosapiens/USA/MO23/2014
KT347253	EVD68/Homosapiens/USA/MO24/2014
KT347225	EVD68/Homosapiens/USA/MO25/2014
KT347227	EVD68/Homosapiens/USA/MO26/2014
KT347266	EVD68/Homosapiens/USA/MO27/2014
KT347263	EVD68/Homosapiens/USA/MO28/2014
KT347244	EVD68/Homosapiens/USA/MO3/2014
KT347237	EVD68/Homosapiens/USA/MO30/2014
KT347229	EVD68/Homosapiens/USA/MO31/2014
KT347238	EVD68/Homosapiens/USA/MO32/2014
KT347254	EVD68/Homosapiens/USA/MO33/2014
KT347267	EVD68/Homosapiens/USA/MO34/2014
KT347275	EVD68/Homosapiens/USA/MO35/2014
KT347265	EVD68/Homosapiens/USA/MO36/2014
KT347250	EVD68/Homosapiens/USA/MO37/2014
KT347279	EVD68/Homosapiens/USA/MO38/2014
KT347236	EVD68/Homosapiens/USA/MO39/2014
KT347235	EVD68/Homosapiens/USA/MO4/2014
KT347231	EVD68/Homosapiens/USA/MO40/2014
KT347247	EVD68/Homosapiens/USA/MO41/2014
KT347273	EVD68/Homosapiens/USA/MO42/2014
KT347274	EVD68/Homosapiens/USA/MO43/2014
KT347272	EVD68/Homosapiens/USA/MO44/2014
KT347269	EVD68/Homosapiens/USA/MO45/2014
KT347232	EVD68/Homosapiens/USA/MO46/2014
KT347251	EVD68/Homosapiens/USA/MO47/2014
KT347230	EVD68/Homosapiens/USA/MO48/2014
KT347240	EVD68/Homosapiens/USA/MO49/2014
KT347242	EVD68/Homosapiens/USA/MO5/2014
KT347268	EVD68/Homosapiens/USA/MO50/2014
KT347252	EVD68/Homosapiens/USA/MO51/2014
KT347226	EVD68/Homosapiens/USA/MO53/2014
KT347223	EVD68/Homosapiens/USA/MO54/2014
KT347246	EVD68/Homosapiens/USA/MO56/2014
KT347262	EVD68/Homosapiens/USA/MO57/2014
KT347224	EVD68/Homosapiens/USA/MO58/2014
KT347245	EVD68/Homosapiens/USA/MO59/2014
KT347239	EVD68/Homosapiens/USA/MO6/2014
KT347261	EVD68/Homosapiens/USA/MO60/2014
KT347271	EVD68/Homosapiens/USA/MO7/2014
KT347278	EVD68/Homosapiens/USA/MO8/2014
KT347259	EVD68/Homosapiens/USA/MO9/2014
KT347280	EVD68/Homosapiens/USA/N0051U5/2012
AY426531	Fermon-AY426531
KT825142	MEX/DF/2014-InDRE2351
KT803995	MEX/DGO/2014-InDRE2271
KP745751	NY120
KP745752	NY124
KP745753	NY126
KP745754	NY130
KP745755	NY153
KP745756	NY160
KP745757	NY210
KP745758	NY263
KP745759	NY275
KP745760	NY278
KP745761	NY305
KP745762	NY309
KP745763	NY314
KP745764	NY316
KP745765	NY326
KP745766	NY328
KP745767	NY329
KP745768	NY73
KP745769	NY74
KP745770	NY77
JX101846	NYC403
JX070222	NZ-2010-541
KP100792	US/CA/14-6092
KP100796	US/CA/14-6100
KP100795	US/CA/14-6103SIB
KP100794	US/CO/13-60
KP126911	US/CO/14-93
KP100793	US/CO/14-94
KM851230	US/IL/14-18952
KM851229	US/KY/14-18951
KM851231	US/KY/14-18953
KM851225	US/MO/14-18947
KM851226	US/MO/14-18948
KM851227	US/MO/14-18949
KM851228	US/MO/14-18950
KT318494	1-I8/TW/2008
KT231897	4310900947_RD2
KT231898	4310900947_RD3
KT231899	4310901348_RD2
KT231901	4310902042_RD2
KT231902	4310902042_RD3
KT231903	4310902284_RD2
KT231905	4311000670_tMK3RD1
KT231907	4311000742_tMK3RD1
LC107895	594-OsakaC-JPN-2015
LC107896	639-OsakaC-JPN-2015
LC068708	692-OsakaCity-JPN-2013
LC068709	705-OsakaCity-JPN-2013
LC068710	726-OsakaCity-JPN-2013
LC068711	727-OsakaCity-JPN-2013
LC107897	A184-OsakaC-JPN-2015
LC107898	A241-OsakaC-JPN-2015
LC107899	A244-OsakaC-JPN-2015
LC107900	A250-OsakaC-JPN-2015
LC107901	A252-OsakaC-JPN-2015
KT285485	BCH4235A
KT285484	BCH824A
KP455289	CAN05-120
KP455260	CAN07-137
KP455251	CAN09-140
KP455253	CAN09-74
KP455254	CAN09-79
KP455257	CAN10-248
KP455256	CAN10-264
KP455252	CAN10-37
KP455288	CAN10-52
KP455255	CAN10-65
KP455287	CAN11-97
KP455259	CAN12-106
KP455279	CAN14-144
KP455269	CAN14-153
KP455273	CAN14-165
KP455281	CAN14-183
KP455278	CAN14-185
KP455280	CAN14-187
KP455265	CAN14-198
KP455285	CAN14-235
KP455275	CAN14-260
KP455266	CAN14-272
KP455258	CAN14-314
KP455264	CAN14-330
KP455284	CAN14-344
KP455271	CAN14-453
KP455276	CAN14-455
KP455286	CAN14-459
KP455272	CAN14-534
KP455267	CAN14-537
KP455282	CAN14-547
KP455268	CAN14-636
KP455283	CAN14-683
KP455274	CAN14-826
KP455277	CAN14-869
KP455270	CAN14-884
KY042026	CAN16-126
KP455262	CAN97-947
KP455263	CAN98-1111
KP455261	CAN99-1460
KT764078	CQ5313
KU509997	EV-D68/environment/Gainesville/1/2015
KX255410	EV-D68/Homosapiens/USA/C2204/2003
KX255372	EV-D68/Homosapiens/USA/C2206/2003
KX255388	EV-D68/Homosapiens/USA/C2386/2003
KX255405	EV-D68/Homosapiens/USA/C2590/2000
KX255400	EV-D68/Homosapiens/USA/C3256/2003
KX255393	EV-D68/Homosapiens/USA/C3486/2005
KX255357	EV-D68/Homosapiens/USA/C3578/2000
KX255353	EV-D68/Homosapiens/USA/C3963/2000
KX255391	EV-D68/Homosapiens/USA/C6261/2000
KX433166	EV-D68/Homosapiens/USA/C6633/2000
KX255402	EV-D68/Homosapiens/USA/C6832/2009
KX255408	EV-D68/Homosapiens/USA/C6840/2009
KX255363	EV-D68/Homosapiens/USA/C6944/2006
KX255376	EV-D68/Homosapiens/USA/C7245/2011
KX255392	EV-D68/Homosapiens/USA/C7396/2012
KX433164	EV-D68/Homosapiens/USA/C7413/2012
KX433162	EV-D68/Homosapiens/USA/C7429/2012
KX255390	EV-D68/Homosapiens/USA/C7714/2014
KX255362	EV-D68/Homosapiens/USA/C7715/2014
KX255403	EV-D68/Homosapiens/USA/C7716/2014
KX255352	EV-D68/Homosapiens/USA/C7720/2014
KX255415	EV-D68/Homosapiens/USA/C7721/2014
KX255364	EV-D68/Homosapiens/USA/C7722/2014
KX255373	EV-D68/Homosapiens/USA/C7723/2014
KX255378	EV-D68/Homosapiens/USA/C7729/2014
KX255411	EV-D68/Homosapiens/USA/C7730/2014
KX255354	EV-D68/Homosapiens/USA/C7731/2014
KX255367	EV-D68/Homosapiens/USA/C7732/2014
KX255385	EV-D68/Homosapiens/USA/C7733/2014
KX255407	EV-D68/Homosapiens/USA/C7743/2014
KX255389	EV-D68/Homosapiens/USA/C7745/2014
KX255382	EV-D68/Homosapiens/USA/C7787/2014
KX255413	EV-D68/Homosapiens/USA/C7788/2014
KX255395	EV-D68/Homosapiens/USA/C7789/2014
KX433161	EV-D68/Homosapiens/USA/C7791/2014
KX255379	EV-D68/Homosapiens/USA/C7793/2014
KX261820	EV-D68/Homosapiens/USA/MO61/2009
KX261807	EV-D68/Homosapiens/USA/MO62/2009
KX261794	EV-D68/Homosapiens/USA/MO63/2009
KX261808	EV-D68/Homosapiens/USA/MO64/2009
KX261799	EV-D68/Homosapiens/USA/MO65/2009
KX261826	EV-D68/Homosapiens/USA/MO66/2009
KX261804	EV-D68/Homosapiens/USA/MO67/2009
KX261793	EV-D68/Homosapiens/USA/MO68/2009
KX261817	EV-D68/Homosapiens/USA/MO69/2009
KX261795	EV-D68/Homosapiens/USA/MO70/2009
KX261812	EV-D68/Homosapiens/USA/MO71/2009
KX261815	EV-D68/Homosapiens/USA/MO72/2009
KX261811	EV-D68/Homosapiens/USA/MO73/2009
KX261797	EV-D68/Homosapiens/USA/MO74/2009
KX261806	EV-D68/Homosapiens/USA/MO75/2009
KX261805	EV-D68/Homosapiens/USA/MO76/2009
KX261822	EV-D68/Homosapiens/USA/MO77/2009
KX261798	EV-D68/Homosapiens/USA/MO79/2009
KX261802	EV-D68/Homosapiens/USA/MO80/2009
KX261810	EV-D68/Homosapiens/USA/MO81/2009
KX261801	EV-D68/Homosapiens/USA/MO82/2009
KX261809	EV-D68/Homosapiens/USA/MO83/2009
KX261819	EV-D68/Homosapiens/USA/MO84/2009
KX261803	EV-D68/Homosapiens/USA/MO85/2009
KX261818	EV-D68/Homosapiens/USA/MO86/2009
KX261823	EV-D68/Homosapiens/USA/MO87/2009
KX261816	EV-D68/Homosapiens/USA/MO88/2009
KX261796	EV-D68/Homosapiens/USA/MO89/2009
KX261800	EV-D68/Homosapiens/USA/MO90/2009
KX261821	EV-D68/Homosapiens/USA/MO91/2009
KX261813	EV-D68/Homosapiens/USA/MO92/2009
KX261814	EV-D68/Homosapiens/USA/MO93/2009
KX261824	EV-D68/Homosapiens/USA/MO94/2009
KX255361	EV-D68/Homosapiens/USA/O1261a/2012
KX255358	EV-D68/Homosapiens/USA/O1312a/2012
KX255401	EV-D68/Homosapiens/USA/O270a/2012
KX433156	EV-D68/Homosapiens/USA/O3797/2013
KX255394	EV-D68/Homosapiens/USA/O418a/2012
KX255381	EV-D68/Homosapiens/USA/O433a/2012
KX255384	EV-D68/Homosapiens/USA/O4413/2013
KX255406	EV-D68/Homosapiens/USA/O4415/2013
KX255368	EV-D68/Homosapiens/USA/O4417/2013
KX433165	EV-D68/Homosapiens/USA/O4444/2013
KX255387	EV-D68/Homosapiens/USA/O4445/2013
KX255398	EV-D68/Homosapiens/USA/O4446/2013
KX255365	EV-D68/Homosapiens/USA/O466a/2012
KX255380	EV-D68/Homosapiens/USA/O527a/2012
KX255369	EV-D68/Homosapiens/USA/O541a/2012
KX255386	EV-D68/Homosapiens/USA/O593a/2012
KX255404	EV-D68/Homosapiens/USA/O685a/2012
KX255377	EV-D68/Homosapiens/USA/O774a/2012
KX255414	EV-D68/Homosapiens/USA/O775a/2012
KX255383	EV-D68/Homosapiens/USA/O810a/2012
KX255359	EV-D68/Homosapiens/USA/O979a/2012
KX255396	EV-D68/Homosapiens/USA/O980a/2012
KX255366	EV-D68/Homosapiens/USA/U2215/2008
KX255371	EV-D68/Homosapiens/USA/U2221/2008
KX255374	EV-D68/Homosapiens/USA/U2704/2009
KX255360	EV-D68/Homosapiens/USA/U2705/2009
KX255355	EV-D68/Homosapiens/USA/U2737/2009
KX255409	EV-D68/Homosapiens/USA/U2752/2009
KX255370	EV-D68/Homosapiens/USA/U4470/2012
KX255399	EV-D68/Homosapiens/USA/U4486/2012
KX255356	EV-D68/Homosapiens/USA/U4489/2012
KX255375	EV-D68/Homosapiens/USA/U5282/2014
KX255397	EV-D68/Homosapiens/USA/U807/2007
KY292525	EV-D68_STL_2016_19
KY292526	EV-D68_STL_2016_20
MF045413	EVD68/Homosapiens/VNM/VN1/2014
MF045422	EVD68/Homosapiens/VNM/VN10/2013
MF045414	EVD68/Homosapiens/VNM/VN2/2014
MF045415	EVD68/Homosapiens/VNM/VN3/2014
MF045416	EVD68/Homosapiens/VNM/VN4/2014
MF045417	EVD68/Homosapiens/VNM/VN5/2014
MF045418	EVD68/Homosapiens/VNM/VN6/2014
MF045419	EVD68/Homosapiens/VNM/VN7/2009
MF045420	EVD68/Homosapiens/VNM/VN8/2009
MF045421	EVD68/Homosapiens/VNM/VN9/2010
KU982558	EVD68/SZ01/CHN/2015
KU982559	EVD68/SZ02/CHN/2015
KU982560	EVD68/SZ03/CHN/2015
KU982561	EVD68/SZ04/CHN/2015
MG739632	HongKong/CUHK09970
MG739633	HongKong/CUHK12619
MG739634	HongKong/CUHK15980
MG739635	HongKong/CUHK16709
MG739636	HongKong/CUHK47134
MG739637	HongKong/CUHK61194
MG739638	HongKong/CUHK63749
MG739639	HongKong/CUHK66649
AB601882	JPOC10-290
AB601883	JPOC10-378
AB601884	JPOC10-396
AB601885	JPOC10-404
MH330334	NIV1733258
KX957754	NY10_16
KY385880	NY126_16
KY385881	NY135_16
KY385882	NY141_16
KY385883	NY149_16
KY385884	NY151_16
KY385885	NY166_16
KY385886	NY172_16
KY385887	NY185_16
KY385888	NY188_16
KY385889	NY212_16
KX957755	NY22_16
KY385890	NY230_16
KY385891	NY234_16
KY385892	NY241_16
KX957756	NY29_16
KX957757	NY30_16
KX957758	NY39_16
KX957759	NY43_16
KX957760	NY44_16
MG757146	NY586_17
KX957761	Ny59_16
KX957762	NY75_16
KT455421	NYS14-27898
KT455422	NYS14_28173
KT455423	NYS14_30603
KT455424	NYS14_30609
KT455425	NYS14_30905
KT455426	NYS14_30917
KT455427	NYS14_31249
KT455428	NYS14_31590
KT455429	NYS14_32132
KT455430	NYS14_32368
KX789264	SMC-15-Sendai823
KX789265	SMC-15-Sendai830
KX789266	SMC-15-Sendai876
KX789267	SMC-15-Sendai881
KX384960	T106/FtJacksonSouthCarolinaUSA/2002
KY348862	T202
KX789261	TBp-13-Ph440
KX789259	TTa-11-Ph224
KX789260	TTa-11-Ph344
KX789224	TU-15-Sendai727
KX789223	TU-15-Sendai728
KX789222	TU-15-Sendai729
KT711083	TW-00785-2014
KT711084	TW-00821-2014
KT711078	TW-00880-2014
KT711079	TW-00893-2014
KT711082	TW-00898-2014
KT711080	TW-00909-2014
KT711085	TW-00928-2014
KT711081	TW-00932-2014
KT711086	TW-02512-2014
KT711088	TW-02795-2014
KT711087	TW-02809-2014
KU844181	US/CA/14-4231
KU844180	US/CA/14-4232
KU844179	US/CA/Fermon
KU844178	US/CA/Rhyne
MK491180	USA/2018-23087
MK491181	USA/2018-23088
MK491182	USA/2018-23089
KU669047	USA/AL/2014-19061
KT995535	USA/AL/2014-19169
KT995605	USA/AL/2014-19241
KT995591	USA/AR/2014-19227
MK681489	USA/CA/2014-RGDS-1024
MK681490	USA/CA/2014-RGDS-1025
MK681491	USA/CA/2014-RGDS-1026
MK681492	USA/CA/2014-RGDS-1027
MK681493	USA/CA/2014-RGDS-1028
MK681494	USA/CA/2014-RGDS-1029
MK681495	USA/CA/2014-RGDS-1030
MK681496	USA/CA/2014-RGDS-1031
MK681497	USA/CA/2014-RGDS-1032
MK681498	USA/CA/2014-RGDS-1033
MK681499	USA/CA/2014-RGDS-1034
MK681500	USA/CA/2014-RGDS-1035
MK681501	USA/CA/2014-RGDS-1036
MK681502	USA/CA/2014-RGDS-1037
MK681503	USA/CA/2014-RGDS-1038
MK681504	USA/CA/2014-RGDS-1039
MK681505	USA/CA/2014-RGDS-1040
MK689392	USA/CA/2018-RGDS-1041
KU669048	USA/CO/2014-19030
KU669046	USA/CO/2014-19081
KT995533	USA/CO/2014-19175
KT995540	USA/CO/2014-19189
KT995541	USA/CO/2014-19190
KT995608	USA/CO/2014-19244
KT995623	USA/CO/2014-19258
KT995543	USA/CT/2014-19180
KT995567	USA/CT/2014-19201
KT995568	USA/CT/2014-19202
KT995575	USA/CT/2014-19208
KT995594	USA/CT/2014-19230
KT995597	USA/CT/2014-19233
KT995629	USA/DC/2014-19264
KT995563	USA/DE/2014-19197
KT995611	USA/FL/2014-19070
KX675261	USA/FL/2016-19504
KT995566	USA/GA/2014-19200
KT995610	USA/GA/2014-19246
KT995548	USA/IA/2014-19171
KT995589	USA/IA/2014-19225
KT995555	USA/ID/2014-19068
KT995588	USA/ID/2014-19224
KT995621	USA/ID/2014-19256
MK268345	USA/IL/2014-18956
KT995542	USA/IL/2014-19179
KT995565	USA/IL/2014-19199
KT995598	USA/KS/2014-19234
KT995532	USA/KY/2014-19167
KT995545	USA/KY/2014-19182
KT995576	USA/KY/2014-19209
KT995583	USA/KY/2014-19219
KT995600	USA/KY/2014-19236
KT995534	USA/LA/2014-19168
KT995556	USA/LA/2014-19191
KT995584	USA/LA/2014-19220
KT995546	USA/MA/2014-19048
KT995547	USA/MA/2014-19183
KT995596	USA/MA/2014-19232
KT995599	USA/MD/2014-19235
KU669045	USA/MI/2014-19082
KT995564	USA/MI/2014-19198
KT995585	USA/MI/2014-19221
KT995602	USA/MI/2014-19238
KT995616	USA/MI/2014-19251
KU669043	USA/MI/2014-19265
KU669042	USA/MI/2014-19266
KT995531	USA/MO/2014-19166
KT995530	USA/MO/2014-19174
KT995549	USA/MS/2014-19052
KT995570	USA/MS/2014-19204
KT995607	USA/MS/2014-19243
KT995550	USA/MT/2014-19216
KT995553	USA/NC/2014-19064
KT995593	USA/NC/2014-19229
KT995613	USA/NC/2014-19248
KT995619	USA/NC/2014-19254
KT995571	USA/ND/2014-19205
KT995617	USA/ND/2014-19252
KT995572	USA/NE/2014-19206
KT995622	USA/NE/2014-19257
KT995579	USA/NJ/2014-19212
KT995615	USA/NJ/2014-19250
KT995627	USA/NJ/2014-19262
KX675262	USA/NY/2016-19505
KT995557	USA/OH/2014-19192
KT995587	USA/OH/2014-19223
KT995604	USA/OH/2014-19240
KT995536	USA/OK/2014-19170
KT995612	USA/OK/2014-19247
KT995595	USA/OR/2014-19073
KU669040	USA/OR/2014-19268
KU669039	USA/OR/2014-19269
KT995537	USA/PA/2014-19035
KT995538	USA/PA/2014-19177
KT995628	USA/PA/2014-19263
KT995569	USA/RI/2014-19203
KT995580	USA/RI/2014-19213
KT995581	USA/RI/2014-19214
KT995562	USA/SC/2014-19196
KT995582	USA/SC/2014-19215
KT995603	USA/SC/2014-19239
KT995559	USA/SD/2014-19193
KT995560	USA/SD/2014-19194
KT995573	USA/SD/2014-19207
KT995614	USA/SD/2014-19249
KT995625	USA/TN/2014-19260
KU669044	USA/TX/2014-19083
KT995552	USA/TX/2014-19185
KT995592	USA/TX/2014-19228
KT995626	USA/TX/2014-19261
KX675263	USA/TX/2016-19506
KT995561	USA/UT/2014-19195
KT995539	USA/VA/2014-19178
KT995544	USA/VA/2014-19181
KT995554	USA/VA/2014-19187
KT995574	USA/VA/2014-19218
KT995620	USA/VA/2014-19255
KT995609	USA/VT/2014-19245
KT995624	USA/VT/2014-19259
KT995578	USA/WA/2014-19060
KT995551	USA/WA/2014-19184
KT995577	USA/WA/2014-19210
KT995558	USA/WI/2014-19217
KT995586	USA/WI/2014-19222
KT995590	USA/WI/2014-19226
KT995606	USA/WV/2014-19242
KT995601	USA/WY/2014-19051
KT995618	USA/WY/2014-19253
KY767820	V12-2268728
KY767821	V13-2245157
KY767822	V14-8151546
LC495298	take3
LC495299	take4
MN163000	USA/2016/CA-RGDS-1052
MN173591	USA/2016/CA-RGDS-1053
MN173594	USA/2018/CA-RGDS-1056
MN240494	USA/AK/2008-23112
MN240492	USA/AL/2007-23110
MN246005	USA/AL/2018-23212
MN246007	USA/AZ/2018-23214
MN240508	USA/CA/1962-23234
MN240507	USA/CA/2002-23233
MN240509	USA/CA/2003-23235
MN259119	USA/CO/2016-23290
MN245981	USA/CO/2018-23087
MN245985	USA/CO/2018-23163
MN245986	USA/CO/2018-23164
MN245987	USA/CO/2018-23165
MN245988	USA/CO/2018-23166
MN245989	USA/CO/2018-23182
MN259107	USA/FL/2016-23278
MN259108	USA/FL/2016-23279
MN246011	USA/GA/2018-23218
MN246015	USA/IL/2018-23252
MN240504	USA/IN/2009-23228
MN240513	USA/IN/2009-23240
MN240514	USA/IN/2009-23241
MN240493	USA/KS/2007-23111
MN240512	USA/KS/2007-23239
MN245991	USA/KY/2018-23198
MN245983	USA/MA/2018-23089
MN240501	USA/MD/2003-23225
MN240502	USA/MD/2003-23226
MN240510	USA/MD/2003-23236
MN240511	USA/MD/2003-23237
MN240495	USA/MD/2009-23114
MN240505	USA/MD/2009-23229
MN240515	USA/MD/2009-23242
MN240516	USA/MD/2009-23243
MN245999	USA/MD/2018-23206
MN246002	USA/MD/2018-23209
MN259115	USA/ME/2016-23286
MN240496	USA/MN/2003-23220
MN245997	USA/MN/2018-23204
MN245998	USA/MN/2018-23205
MN246026	USA/MN/2018-23263
MN240497	USA/MO/2000-23221
MN259110	USA/MO/2016-23281
MN259111	USA/MO/2016-23282
MN259112	USA/MO/2016-23283
MN259113	USA/MO/2016-23284
MN245990	USA/MO/2018-23197
MN246039	USA/MT/2018-23276
MN246003	USA/NE/2018-23210
MN246008	USA/NY/2018-23215
MN246009	USA/NY/2018-23216
MN246012	USA/NY/2018-23219
MN259120	USA/OH/2016-23291
MN245982	USA/OH/2018-23088
MN246016	USA/OH/2018-23253
MN246017	USA/OH/2018-23254
MN246018	USA/OH/2018-23255
MN246019	USA/OH/2018-23256
MN246020	USA/OH/2018-23257
MN246021	USA/OH/2018-23258
MN246023	USA/OH/2018-23260
MN246024	USA/OH/2018-23261
MN245993	USA/OK/2018-23200
MN259114	USA/PA/2016-23285
MN259118	USA/PA/2016-23289
MN245996	USA/PA/2018-23203
MN259117	USA/SC/2016-23288
MN246006	USA/TN/2018-23213
MN240498	USA/TX/2002-23222
MN240499	USA/TX/2003-23223
MN240500	USA/TX/2003-23224
MN259109	USA/TX/2016-23280
MN245995	USA/TX/2018-23202
MN246001	USA/TX/2018-23208
MN245994	USA/WA/2018-23201
MN240491	USA/WI/2006-23109
MN240503	USA/WI/2006-23227
MN240506	USA/WI/2009-23230
MN240517	USA/WI/2009-23245
MN240518	USA/WI/2009-23247
MN240519	USA/WI/2009-23248
MN365194	CA-RGDS-1063
MN365196	CA-RGDS-1065
MN365198	CA-RGDS-1067
MK419055	NY632_18
MK419057	NY637_18
MK419059	NY640_18
MK419061	NY650_18
MK419063	NY653_18
MK419066	NY667_18
MK419068	NY682_18
MK419070	NY698_18
MK419072	NY711_18
MK419074	NY718_18
MK419076	NY722_18
MK419045	NY588_18
MK419048	NY599_18
MK419050	NY609_18
MK419033	NY479_18
MK419035	NY510_18
MK419037	NY534_18
MK419039	NY555_18
MK419079	NY748_18
MK419040	NY558_18
MK419042	NY579_18
MK419052	NY616_18
MK419054	NY629_18
MT789735	CF193158-FRA-2016
MT789737	CF195004-FRA-2016
MT789740	CF487798-FRA-2018
MT789742	CF572239-FRA-2018
MT789744	CF606093-FRA-2018
MT789746	CF551739-FRA-2018
MT789749	CF425016-FRA-2018
MT789751	CF287798-FRA-2018
MT789753	CF434673-FRA-2018
MT789755	CF490734-FRA-2018
MT791929	CF226028-FRA-2016
MT791931	CF241733-FRA-2016
MT791933	CF183054-FRA-2016
MW664343	CLI-B3-55-EV-D68
MW664344	CLI-B3-60-EV-D68
MW664345	CLI-B3-77-EV-D68
MW664346	CLI-B3-78-EV-D68
MK614087	EV-D68/Homosapiens/CHN/DZH-ZJUC/2018
MN365195	CA-RGDS-1064
MN365197	CA-RGDS-1066
MN365200	CA-RGDS-1069
LC629439	TEv-13-Ph137
MZ824223	YC18116
MZ824224	YC18137
MZ824222	YC17106
MZ824221	WZ17226
MW697453	SHFD528
MW697454	SHFD3239
MW697455	SHFD6992
MT789734	CF193002-FRA-2016
MT789736	CF266116-FRA-2016
MT789738	CF569939-FRA-2018
MT789739	CF473248-FRA-2018
MT789741	CF425314-FRA-2018
MT789743	CF479745-FRA-2018
MT789745	CF601568-FRA-2018
MT789747	CF482253-FRA-2018
MT789748	CF434664-FRA-2018
MT789750	CF408680-FRA-2018
MT789752	CF408376-FRA-2018
MT789754	CF451498-FRA-2018
MT791927	CF307029-FRA-2014
MT791928	CF270004-FRA-2016
MT791930	CF194006-FRA-2016
MT791932	CF190038-FRA-2016
MT791934	CF125132-FRA-2016
MK419034	NY504_18
MK419036	NY518_18
MK419038	NY543_18
MK419077	NY736_18
MK419078	NY747_18
MK419080	NY787_18
MK419041	NY562_18
MK419051	NY611_18
MK419053	NY625_18
MK419056	NY633_18
MK419058	NY639_18
MK419060	NY642_18
MK419062	NY652_18
MK419064	NY655_18
MK419065	NY661_18
MK419067	NY671_18
MK419069	NY685_18
MK419071	NY708_18
MK419073	NY714_18
MK419075	NY720_18
MK419043	NY580_18
MK419044	NY584_18
MK419046	NY590_18
MK419047	NY591_18
MK419049	NY606_18
MT081368	USA/2018-23272
LC629436	TTa-08-Ph561
LC629437	TTa-11-Ph272
LC629438	TOp-12-Ph146
LC629440	TEv-13-Ph173
LC629441	TBp-13-Ph209
LC629442	TB9-15-Ph380
LC629443	TB6-15-Ph427
LC629444	TB8-15-Ph508
LC629445	TB5-16-Ph232
LC629446	TB5-16-Ph262
LC629447	TB5-17-Ph282
LC629448	TB5-18-Ph204
LC629449	TB5-18-Ph483
LC629450	TB5-18-Ph631
MW567157	S0003LXT
MW567158	S0045ZHW
MW567159	S0127XFS
MW567160	S0092GHZ
MW567161	S0408QHG
MW567162	S0368RJC
OW122595	EVCG618
OK085434	NSW169
OK085435	NSW177
OK085436	NSW214
OK085437	NSW205
OK085438	NSW117
OK085439	NSW240
OK085440	NSW233
OK085441	NSW155
OK085442	NSW226
OK085443	NSW211
OK085444	NSW246
OK085445	NSW187
OK085446	NSW262
OK085447	NSW216
OK085448	NSW188
OK085449	NSW173
OK085450	NSW178
OK085451	NSW210
OK085452	NSW247
OK085453	NSW206
OK085454	NSW218
OK085455	NSW228
OK085456	NSW224
OK085457	NSW217
OK085458	NSW207
OK085459	NSW232
OK085460	NSW179
OK085461	NSW244
OK085462	NSW143
OK085463	NSW166
OK085464	NSW167
NC_038308	Fermon-NC_038308
PP474817	EV-D68/Ontario/PHL0001/2022
PP474818	EV-D68/Ontario/PHL0009/2022
PP474819	EV-D68/Ontario/PHL0068/2022
PP474820	EV-D68/Ontario/PHL0035/2022
PP474821	EV-D68/Ontario/PHL0037/2022
PP474822	EV-D68/Ontario/PHL0093/2022
PP474823	EV-D68/Ontario/PHL0054/2022
PP474824	EV-D68/Ontario/PHL0091/2022
PP474825	EV-D68/Ontario/PHL0005/2022
PP474826	EV-D68/Ontario/PHL0058/2022
PP474827	EV-D68/Ontario/PHL0080/2022
PP474828	EV-D68/Ontario/PHL0032/2022
PP474829	EV-D68/Ontario/PHL0052/2022
PP474830	EV-D68/Ontario/PHL0017/2022
PP474831	EV-D68/Ontario/PHL0044/2022
PP474832	EV-D68/Ontario/PHL0024/2022
PP474833	EV-D68/Ontario/PHL0028/2022
PP474834	EV-D68/Ontario/PHL0090/2022
PP474835	EV-D68/Ontario/PHL0083/2022
PP474836	EV-D68/Ontario/PHL0021/2022
PP474837	EV-D68/Ontario/PHL0087/2022
PP474838	EV-D68/Ontario/PHL0002/2022
PP474839	EV-D68/Ontario/PHL0086/2022
PP474840	EV-D68/Ontario/PHL0060/2022
PP474841	EV-D68/Ontario/PHL0076/2022
PP474842	EV-D68/Ontario/PHL0082/2022
PP474843	EV-D68/Ontario/PHL0064/2022
PP474844	EV-D68/Ontario/PHL0010/2022
PP474845	EV-D68/Ontario/PHL0012/2022
PP474846	EV-D68/Ontario/PHL0034/2022
PP474847	EV-D68/Ontario/PHL0013/2022
PP474848	EV-D68/Ontario/PHL0016/2022
PP474849	EV-D68/Ontario/PHL0043/2022
PP474850	EV-D68/Ontario/PHL0074/2022
PP474851	EV-D68/Ontario/PHL0020/2022
PP474852	EV-D68/Ontario/PHL0069/2022
PP474853	EV-D68/Ontario/PHL0046/2022
PP474854	EV-D68/Ontario/PHL0048/2022
PP474855	EV-D68/Ontario/PHL0057/2022
PP474856	EV-D68/Ontario/PHL0096/2022
PP474857	EV-D68/Ontario/PHL0095/2022
PP474858	EV-D68/Ontario/PHL0073/2022
PP474859	EV-D68/Ontario/PHL0097/2022
PP474860	EV-D68/Ontario/PHL0041/2022
PP474861	EV-D68/Ontario/PHL0070/2022
PP474862	EV-D68/Ontario/PHL0029/2022
PP474863	EV-D68/Ontario/PHL0084/2022
PP474864	EV-D68/Ontario/PHL0022/2022
PP474865	EV-D68/Ontario/PHL0059/2022
PP474866	EV-D68/Ontario/PHL0062/2022
PP474867	EV-D68/Ontario/PHL0078/2022
PP474868	EV-D68/Ontario/PHL0085/2022
PP474869	EV-D68/Ontario/PHL0063/2022
PP474870	EV-D68/Ontario/PHL0081/2022
PP474871	EV-D68/Ontario/PHL0011/2022
PP474872	EV-D68/Ontario/PHL0061/2022
PP474873	EV-D68/Ontario/PHL0030/2022
PP474874	EV-D68/Ontario/PHL0003/2022
PP474875	EV-D68/Ontario/PHL0004/2022
PP474876	EV-D68/Ontario/PHL0042/2022
PP474877	EV-D68/Ontario/PHL0039/2022
PP474878	EV-D68/Ontario/PHL0072/2022
PP474879	EV-D68/Ontario/PHL0094/2022
PP474880	EV-D68/Ontario/PHL0007/2022
PP474881	EV-D68/Ontario/PHL0018/2022
PP474882	EV-D68/Ontario/PHL0006/2022
PP474883	EV-D68/Ontario/PHL0031/2022
PP474884	EV-D68/Ontario/PHL0088/2022
PP474885	EV-D68/Ontario/PHL0033/2022
PP474886	EV-D68/Ontario/PHL0092/2022
PP474887	EV-D68/Ontario/PHL0047/2022
PP474888	EV-D68/Ontario/PHL0079/2022
PP474889	EV-D68/Ontario/PHL0077/2022
PP474890	EV-D68/Ontario/PHL0065/2022
PP474891	EV-D68/Ontario/PHL0014/2022
PP474892	EV-D68/Ontario/PHL0098/2022
PP474893	EV-D68/Ontario/PHL0053/2022
PP474894	EV-D68/Ontario/PHL0023/2022
PP474895	EV-D68/Ontario/PHL0038/2022
PP474896	EV-D68/Ontario/PHL0015/2022
PP474897	EV-D68/Ontario/PHL0089/2022
PP474898	EV-D68/Ontario/PHL0056/2022
PP474899	EV-D68/Ontario/PHL0050/2022
PP474900	EV-D68/Ontario/PHL0049/2022
PP474901	EV-D68/Ontario/PHL0036/2022
PP474902	EV-D68/Ontario/PHL0055/2022
PP474903	EV-D68/Ontario/PHL0008/2022
OR235127	USA/2022-23447
OR235128	USA/2022-23448
OR235129	USA/2022-23449
OR235130	USA/2022-23450
OR235131	USA/2022-23451
PP157595	USA/2020-23334
PP157596	USA/2020-23336
PP025331	EV-D68/USA/WA-UW-a0771/2019
OR833014	EV-D68/USA/WA-UW-0b718/2019
OR833015	EV-D68/USA/WA-UW-2c8da/2019
OR833023	EV-D68/USA/WA-UW-08a64/2019
OR833032	EV-D68/USA/WA-UW-44dd6/2019
OR833048	EV-D68/USA/WA-UW-b4a24/2019
OR833055	EV-D68/USA/WA-UW-dea74/2019
OR656579	SWE_2023/002
OR571424	SWE_2023/001
OR460083	USA/2022/40009-30
OR230416	USA/2020-23452
OR230417	USA/2020-23454
OR230418	USA/2020-23456
OR230419	USA/2020-23457
OR230420	USA/2020-23458
OR230421	USA/2020-23459
OR230422	USA/2020-23460
OR230423	USA/2020-23461
OR230424	USA/2020-23462
OR230425	USA/2020-23463
OR230426	USA/2020-23464
OR230427	USA/2020-23465
OR230428	USA/2020-23466
OR230429	USA/2020-23467
OQ653554	US/2018-23087
OQ791518	EV-D68/USA/4E1/2009
OQ791519	EV-D68/USA/4G4/2009
OQ737941	USA/NY/2016-33474
OQ553811	EV-D68/Russia/MOW-RII-MH124611/2022
OQ451882	22GZ07075
OQ259308	eVD68/Groningen/02/2019_B3_
OQ259309	eVD68/Groningen/03/2019_B3_
OQ259310	eVD68/Groningen/04/2019_B3_
OQ259311	eVD68/Groningen/05/2019_B3_
OQ259312	eVD68/Groningen/06/2019_B3_
OQ259313	eVD68/Groningen/07/2019_B3_
OQ259314	eVD68/Groningen/08/2019_B3_
OQ259315	eVD68/Groningen/09/2019_B3_
OQ259316	eVD68/Groningen/10/2019_B3_
OQ259317	eVD68/Groningen/11/2019_B3_
OQ259318	eVD68/Groningen/13/2020_B3_
OQ259319	eVD68/Groningen/18/2020_B3_
OQ259320	eVD68/Groningen/20/2020_B3_
OQ285848	eVD68/Groningen/01/2019_B3_
OQ285849	eVD68/Groningen/12/2019_A2_
OQ285850	eVD68/Groningen/14/2020_B3_
OQ285851	eVD68/Groningen/15/2020_B3_
OQ285852	eVD68/Groningen/16/2020_B3_
OQ285853	eVD68/Groningen/17/2020_B3_
OQ285854	eVD68/Groningen/19/2020_B3_
OQ160430	SWE_2022_002
OQ160431	SWE_2022_003
OQ160433	SWE_2022_005
OP572035	JH-EV-19/2022
OP572036	JH-EV-20/2022
OP572037	JH-EV-21/2022
OP572038	JH-EV-22/2022
OP572039	JH-EV-23/2022
OP572040	JH-EV-24/2022
OP572041	JH-EV-25/2022
OP572042	JH-EV-26/2022
OP572043	JH-EV-27/2022
OP572044	JH-EV-28/2022
OP572045	JH-EV-29/2022
OP572046	JH-EV-30/2022
OP572047	JH-EV-31/2022
OP572048	JH-EV-32/2022
OP572049	JH-EV-33/2022
OP572050	JH-EV-34/2022
OP572051	JH-EV-35/2022
OP572052	JH-EV-36/2022
OP572054	JH-EV-38/2022
OP572055	JH-EV-39/2022
OP572056	JH-EV-40/2022
OP572057	JH-EV-41/2022
OP572058	JH-EV-42/2022
OP572059	JH-EV-43/2022
OP572061	JH-EV-45/2022
OP572062	JH-EV-46/2022
OP572063	JH-EV-47/2022
OP572064	JH-EV-48/2022
OP572065	JH-EV-49/2022
OP572066	JH-EV-50/2022
OP572067	JH-EV-51/2022
OP572068	JH-EV-52/2022
OP572069	JH-EV-53/2022
OP572071	JH-EV-55/2022
OP572072	JH-EV-56/2022
OP572073	JH-EV-57/2022
OP572074	JH-EV-58/2022
OP572075	JH-EV-59/2022
OP572076	JH-EV-60/2022
OP572077	JH-EV-61/2022
OP572078	JH-EV-62/2022
OP572079	JH-EV-63/2022
OP572080	JH-EV-64/2022
OP572081	JH-EV-65/2022
OP572082	JH-EV-66/2022
OP572083	JH-EV-67/2022
OP572084	JH-EV-68/2022
OP572085	JH-EV-69/2022
OP572086	JH-EV-70/2022
OP572087	JH-EV-71/2022
OP572088	JH-EV-72/2022
OP572089	JH-EV-73/2022
OP572090	JH-EV-74/2022
OP572091	JH-EV-75/2022
OP572092	JH-EV-76/2022
OP572093	JH-EV-77/2022
OP572094	JH-EV-78/2022
OP572095	JH-EV-79/2022
OP389245	LYO-VRES-22-345-71-FRA2022
OP389246	LYO-VRES-22-346-16-FRA2022
OP295397	JH-EV-0019/2021
OP295398	JH-EV-0009/2021
OP295399	JH-EV-0010/2021
OP295400	JH-EV-0014/2021
OP295401	JH-EV-0015/2021
OP295402	JH-EV-0017/2021
OP295403	JH-EV-0011/2021
OP295404	JH-EV-0016/2021
OP295405	JH-EV-0002/2021